cik,date,statement_type,account_code,parent_code,account_name,is_total,unit,value
0000320193,9/27/2014,BS,2011,2010,Cash and Cash Equivalents,False,USD,13844000000
0000320193,9/27/2014,BS,2200,,Shareholders’ Equity,True,USD,1.11547E+11
0000320193,9/27/2014,CF,3100,,Net Income Flow,False,USD,39510000000
0000320193,9/27/2014,CF,3120,3190,Share-based Compensation,False,USD,2863000000
0000320193,9/27/2014,CF,3140,3180,Change in Accounts Receivable,False,USD,4232000000
0000320193,9/27/2014,CF,3150,3180,Change in Other Receivables,False,USD,2220000000
0000320193,9/27/2014,CF,3160,3180,Change in Inventories,False,USD,76000000
0000320193,9/27/2014,CF,3170,3180,Change in Other Operating Assets,False,USD,-167000000
0000320193,9/27/2014,CF,3181,3185,Change in Accounts Payable,False,USD,5938000000
0000320193,9/27/2014,CF,3182,3185,Change in Other Operating Liabilities,False,USD,6010000000
0000320193,9/27/2014,CF,3220,3290,Maturities of Marketable Securities,False,USD,18810000000
0000320193,9/27/2014,CF,3240,3290,Capital Expenditures,False,USD,9571000000
0000320193,9/27/2014,CF,3250,3290,Other Investing Activities,False,USD,-26000000
0000320193,9/27/2014,CF,3310,3390,Taxes on Equity Awards,False,USD,1158000000
0000320193,9/27/2014,CF,3330,3390,Share Repurchases,False,USD,45000000000
0000320193,9/27/2014,CF,3340,3390,Issuance of Long-term Debt,False,USD,11960000000
0000320193,9/27/2014,CF,3350,3390,Repayment of Long-term Debt,False,USD,0
0000320193,9/27/2014,CF,3360,3390,Commercial Paper (Net),False,USD,6306000000
0000320193,9/27/2014,CF,3500,,Income Taxes Paid (Supplemental),False,USD,10026000000
0000320193,9/27/2014,IS,1001,1100,Revenue from Contracts with Customers,False,USD,1.82795E+11
0000320193,9/27/2014,IS,1030,1100,Cost of Sales,False,USD,1.12258E+11
0000320193,9/27/2014,IS,1040,,Gross Margin,True,USD,70537000000
0000320193,9/27/2014,IS,1050,,Operating Expenses,True,USD,18034000000
0000320193,9/27/2014,IS,1060,1200,Research and Development,False,USD,6041000000
0000320193,9/27/2014,IS,1070,1200,"Selling, General and Administrative",False,USD,11993000000
0000320193,9/27/2014,IS,1080,,Operating Income,True,USD,52503000000
0000320193,9/27/2014,IS,1090,1300,"Other Income / (Expense), Net",False,USD,980000000
0000320193,9/27/2014,IS,1093,1400,Income Before Provision for Income Taxes,True,USD,53483000000
0000320193,9/27/2014,IS,1096,1500,Provision for Income Taxes,False,USD,13973000000
0000320193,9/27/2014,IS,1510,,Interest Expense,False,USD,384000000
0000320193,9/27/2014,SH,4100,,Weighted Average Shares Outstanding (Basic),False,shares,6085572000
0000320193,9/27/2014,SH,4200,,Weighted Average Shares Outstanding (Diluted),False,shares,6122663000
0000320193,9/26/2015,BS,2011,2010,Cash and Cash Equivalents,False,USD,21120000000
0000320193,9/26/2015,BS,2200,,Shareholders’ Equity,True,USD,1.19355E+11
0000320193,9/26/2015,CF,3100,,Net Income Flow,False,USD,53394000000
0000320193,9/26/2015,CF,3100,,Net Income Flow,False,USD,11124000000
0000320193,9/26/2015,CF,3120,3190,Share-based Compensation,False,USD,3586000000
0000320193,9/26/2015,CF,3140,3180,Change in Accounts Receivable,False,USD,-611000000
0000320193,9/26/2015,CF,3150,3180,Change in Other Receivables,False,USD,3735000000
0000320193,9/26/2015,CF,3160,3180,Change in Inventories,False,USD,238000000
0000320193,9/26/2015,CF,3170,3180,Change in Other Operating Assets,False,USD,179000000
0000320193,9/26/2015,CF,3181,3185,Change in Accounts Payable,False,USD,5400000000
0000320193,9/26/2015,CF,3182,3185,Change in Other Operating Liabilities,False,USD,8746000000
0000320193,9/26/2015,CF,3220,3290,Maturities of Marketable Securities,False,USD,14538000000
0000320193,9/26/2015,CF,3240,3290,Capital Expenditures,False,USD,11247000000
0000320193,9/26/2015,CF,3250,3290,Other Investing Activities,False,USD,26000000
0000320193,9/26/2015,CF,3310,3390,Taxes on Equity Awards,False,USD,1499000000
0000320193,9/26/2015,CF,3320,3390,Dividends Paid,False,USD,11431000000
0000320193,9/26/2015,CF,3320,3390,Dividends Paid,False,USD,2950000000
0000320193,9/26/2015,CF,3330,3390,Share Repurchases,False,USD,35253000000
0000320193,9/26/2015,CF,3340,3390,Issuance of Long-term Debt,False,USD,27114000000
0000320193,9/26/2015,CF,3350,3390,Repayment of Long-term Debt,False,USD,0
0000320193,9/26/2015,CF,3360,3390,Commercial Paper (Net),False,USD,2191000000
0000320193,9/26/2015,CF,3500,,Income Taxes Paid (Supplemental),False,USD,13252000000
0000320193,9/26/2015,IS,1001,1100,Revenue from Contracts with Customers,False,USD,2.33715E+11
0000320193,9/26/2015,IS,1001,1100,Revenue from Contracts with Customers,False,USD,51501000000
0000320193,9/26/2015,IS,1030,1100,Cost of Sales,False,USD,1.40089E+11
0000320193,9/26/2015,IS,1040,,Gross Margin,True,USD,93626000000
0000320193,9/26/2015,IS,1040,,Gross Margin,True,USD,20548000000
0000320193,9/26/2015,IS,1050,,Operating Expenses,True,USD,22396000000
0000320193,9/26/2015,IS,1060,1200,Research and Development,False,USD,8067000000
0000320193,9/26/2015,IS,1070,1200,"Selling, General and Administrative",False,USD,14329000000
0000320193,9/26/2015,IS,1080,,Operating Income,True,USD,71230000000
0000320193,9/26/2015,IS,1090,1300,"Other Income / (Expense), Net",False,USD,1285000000
0000320193,9/26/2015,IS,1093,1400,Income Before Provision for Income Taxes,True,USD,72515000000
0000320193,9/26/2015,IS,1096,1500,Provision for Income Taxes,False,USD,19121000000
0000320193,9/26/2015,IS,1510,,Interest Expense,False,USD,733000000
0000320193,9/26/2015,SH,4100,,Weighted Average Shares Outstanding (Basic),False,shares,5753421000
0000320193,9/26/2015,SH,4200,,Weighted Average Shares Outstanding (Diluted),False,shares,5793069000
0000320193,9/26/2015,SH,4300,,Common Shares Outstanding (End of Period),False,shares,5578753000
0000320193,9/26/2015,SH,4400,,Common Shares Issued,False,shares,5578753000
0000320193,9/24/2016,BS,2000,,Total Assets,True,USD,3.21686E+11
0000320193,9/24/2016,BS,2010,2000,Current Assets,True,USD,1.06869E+11
0000320193,9/24/2016,BS,2011,2010,Cash and Cash Equivalents,False,USD,20484000000
0000320193,9/24/2016,BS,2013,2010,"Accounts Receivable, Net",False,USD,15754000000
0000320193,9/24/2016,BS,2014,2010,Vendor Non-trade Receivables,False,USD,13545000000
0000320193,9/24/2016,BS,2015,2010,Inventories,False,USD,2132000000
0000320193,9/24/2016,BS,2016,2010,Other Current Assets,False,USD,8283000000
0000320193,9/24/2016,BS,2022,2020,"Property, Plant and Equipment, Net",False,USD,27010000000
0000320193,9/24/2016,BS,2023,2020,Other Non-current Assets,False,USD,8757000000
0000320193,9/24/2016,BS,2100,,Total Liabilities,True,USD,1.93437E+11
0000320193,9/24/2016,BS,2110,2100,Current Liabilities,True,USD,79006000000
0000320193,9/24/2016,BS,2111,2110,Accounts Payable,False,USD,37294000000
0000320193,9/24/2016,BS,2114,2110,Commercial Paper,False,USD,8105000000
0000320193,9/24/2016,BS,2115,2110,Current Portion of Term Debt,False,USD,3500000000
0000320193,9/24/2016,BS,2121,2120,"Term Debt, Non-current",False,USD,75427000000
0000320193,9/24/2016,BS,2122,2120,Other Non-current Liabilities,False,USD,36074000000
0000320193,9/24/2016,BS,2200,,Shareholders’ Equity,True,USD,1.28249E+11
0000320193,9/24/2016,BS,2200,,Shareholders’ Equity,True,USD,1.28249E+11
0000320193,9/24/2016,BS,2201,2200,Common Stock and APIC,False,USD,31251000000
0000320193,9/24/2016,BS,2202,2200,Accumulated Deficit,False,USD,96364000000
0000320193,9/24/2016,BS,2203,2200,Accumulated Other Comprehensive Loss,False,USD,634000000
0000320193,9/24/2016,BS,2300,,Total Liabilities and Shareholders’ Equity,True,USD,3.21686E+11
0000320193,9/24/2016,CF,3000,,Cash and Cash Equivalents (Beginning Balance),False,USD,20484000000
0000320193,9/24/2016,CF,3100,,Net Income Flow,False,USD,45687000000
0000320193,9/24/2016,CF,3100,,Net Income Flow,False,USD,9014000000
0000320193,9/24/2016,CF,3120,3190,Share-based Compensation,False,USD,4210000000
0000320193,9/24/2016,CF,3140,3180,Change in Accounts Receivable,False,USD,-1095000000
0000320193,9/24/2016,CF,3150,3180,Change in Other Receivables,False,USD,51000000
0000320193,9/24/2016,CF,3160,3180,Change in Inventories,False,USD,-217000000
0000320193,9/24/2016,CF,3170,3180,Change in Other Operating Assets,False,USD,-1090000000
0000320193,9/24/2016,CF,3181,3185,Change in Accounts Payable,False,USD,1791000000
0000320193,9/24/2016,CF,3182,3185,Change in Other Operating Liabilities,False,USD,-2104000000
0000320193,9/24/2016,CF,3220,3290,Maturities of Marketable Securities,False,USD,21258000000
0000320193,9/24/2016,CF,3240,3290,Capital Expenditures,False,USD,12734000000
0000320193,9/24/2016,CF,3250,3290,Other Investing Activities,False,USD,110000000
0000320193,9/24/2016,CF,3310,3390,Taxes on Equity Awards,False,USD,1570000000
0000320193,9/24/2016,CF,3320,3390,Dividends Paid,False,USD,11965000000
0000320193,9/24/2016,CF,3320,3390,Dividends Paid,False,USD,3071000000
0000320193,9/24/2016,CF,3330,3390,Share Repurchases,False,USD,29722000000
0000320193,9/24/2016,CF,3340,3390,Issuance of Long-term Debt,False,USD,24954000000
0000320193,9/24/2016,CF,3350,3390,Repayment of Long-term Debt,False,USD,2500000000
0000320193,9/24/2016,CF,3360,3390,Commercial Paper (Net),False,USD,-397000000
0000320193,9/24/2016,CF,3500,,Income Taxes Paid (Supplemental),False,USD,10444000000
0000320193,9/24/2016,IS,1001,1100,Revenue from Contracts with Customers,False,USD,2.15639E+11
0000320193,9/24/2016,IS,1001,1100,Revenue from Contracts with Customers,False,USD,46852000000
0000320193,9/24/2016,IS,1030,1100,Cost of Sales,False,USD,1.31376E+11
0000320193,9/24/2016,IS,1040,,Gross Margin,True,USD,84263000000
0000320193,9/24/2016,IS,1040,,Gross Margin,True,USD,17813000000
0000320193,9/24/2016,IS,1050,,Operating Expenses,True,USD,24239000000
0000320193,9/24/2016,IS,1060,1200,Research and Development,False,USD,10045000000
0000320193,9/24/2016,IS,1070,1200,"Selling, General and Administrative",False,USD,14194000000
0000320193,9/24/2016,IS,1080,,Operating Income,True,USD,60024000000
0000320193,9/24/2016,IS,1090,1300,"Other Income / (Expense), Net",False,USD,1348000000
0000320193,9/24/2016,IS,1093,1400,Income Before Provision for Income Taxes,True,USD,61372000000
0000320193,9/24/2016,IS,1096,1500,Provision for Income Taxes,False,USD,15685000000
0000320193,9/24/2016,IS,1510,,Interest Expense,False,USD,1456000000
0000320193,9/24/2016,SH,4100,,Weighted Average Shares Outstanding (Basic),False,shares,5470820000
0000320193,9/24/2016,SH,4200,,Weighted Average Shares Outstanding (Diluted),False,shares,5500281000
0000320193,9/24/2016,SH,4300,,Common Shares Outstanding (End of Period),False,shares,5336166000
0000320193,9/24/2016,SH,4400,,Common Shares Issued,False,shares,5336166000
0000320193,9/30/2017,BS,2000,,Total Assets,True,USD,3.75319E+11
0000320193,9/30/2017,BS,2010,2000,Current Assets,True,USD,1.28645E+11
0000320193,9/30/2017,BS,2011,2010,Cash and Cash Equivalents,False,USD,20289000000
0000320193,9/30/2017,BS,2013,2010,"Accounts Receivable, Net",False,USD,17874000000
0000320193,9/30/2017,BS,2014,2010,Vendor Non-trade Receivables,False,USD,17799000000
0000320193,9/30/2017,BS,2015,2010,Inventories,False,USD,4855000000
0000320193,9/30/2017,BS,2016,2010,Other Current Assets,False,USD,13936000000
0000320193,9/30/2017,BS,2022,2020,"Property, Plant and Equipment, Net",False,USD,33783000000
0000320193,9/30/2017,BS,2023,2020,Other Non-current Assets,False,USD,10162000000
0000320193,9/30/2017,BS,2100,,Total Liabilities,True,USD,2.41272E+11
0000320193,9/30/2017,BS,2110,2100,Current Liabilities,True,USD,1.00814E+11
0000320193,9/30/2017,BS,2111,2110,Accounts Payable,False,USD,49049000000
0000320193,9/30/2017,BS,2114,2110,Commercial Paper,False,USD,11977000000
0000320193,9/30/2017,BS,2115,2110,Current Portion of Term Debt,False,USD,6496000000
0000320193,9/30/2017,BS,2121,2120,"Term Debt, Non-current",False,USD,97207000000
0000320193,9/30/2017,BS,2122,2120,Other Non-current Liabilities,False,USD,40415000000
0000320193,9/30/2017,BS,2200,,Shareholders’ Equity,True,USD,1.34047E+11
0000320193,9/30/2017,BS,2200,,Shareholders’ Equity,True,USD,1.34047E+11
0000320193,9/30/2017,BS,2201,2200,Common Stock and APIC,False,USD,35867000000
0000320193,9/30/2017,BS,2202,2200,Accumulated Deficit,False,USD,98330000000
0000320193,9/30/2017,BS,2203,2200,Accumulated Other Comprehensive Loss,False,USD,-150000000
0000320193,9/30/2017,BS,2300,,Total Liabilities and Shareholders’ Equity,True,USD,3.75319E+11
0000320193,9/30/2017,CF,3000,,Cash and Cash Equivalents (Beginning Balance),False,USD,20289000000
0000320193,9/30/2017,CF,3100,,Net Income Flow,False,USD,48351000000
0000320193,9/30/2017,CF,3110,3190,Depreciation and Amortization,False,USD,10157000000
0000320193,9/30/2017,CF,3120,3190,Share-based Compensation,False,USD,4840000000
0000320193,9/30/2017,CF,3130,3190,Other Non-cash Items,False,USD,166000000
0000320193,9/30/2017,CF,3140,3180,Change in Accounts Receivable,False,USD,2093000000
0000320193,9/30/2017,CF,3150,3180,Change in Other Receivables,False,USD,4254000000
0000320193,9/30/2017,CF,3160,3180,Change in Inventories,False,USD,2723000000
0000320193,9/30/2017,CF,3170,3180,Change in Other Operating Assets,False,USD,5318000000
0000320193,9/30/2017,CF,3181,3185,Change in Accounts Payable,False,USD,8966000000
0000320193,9/30/2017,CF,3182,3185,Change in Other Operating Liabilities,False,USD,1092000000
0000320193,9/30/2017,CF,3199,,Net Cash from Operating Activities,True,USD,64225000000
0000320193,9/30/2017,CF,3210,3290,Purchases of Marketable Securities,False,USD,1.59486E+11
0000320193,9/30/2017,CF,3220,3290,Maturities of Marketable Securities,False,USD,31775000000
0000320193,9/30/2017,CF,3230,3290,Sales of Marketable Securities,False,USD,94564000000
0000320193,9/30/2017,CF,3240,3290,Capital Expenditures,False,USD,12451000000
0000320193,9/30/2017,CF,3250,3290,Other Investing Activities,False,USD,124000000
0000320193,9/30/2017,CF,3299,,Net Cash from Investing Activities,True,USD,-46446000000
0000320193,9/30/2017,CF,3310,3390,Taxes on Equity Awards,False,USD,1874000000
0000320193,9/30/2017,CF,3320,3390,Dividends Paid,False,USD,12769000000
0000320193,9/30/2017,CF,3330,3390,Share Repurchases,False,USD,32900000000
0000320193,9/30/2017,CF,3340,3390,Issuance of Long-term Debt,False,USD,28662000000
0000320193,9/30/2017,CF,3350,3390,Repayment of Long-term Debt,False,USD,3500000000
0000320193,9/30/2017,CF,3360,3390,Commercial Paper (Net),False,USD,3852000000
0000320193,9/30/2017,CF,3370,3390,Other Financing Activities,False,USD,0
0000320193,9/30/2017,CF,3399,,Net Cash from Financing Activities,True,USD,-17974000000
0000320193,9/30/2017,CF,3490,,Net Increase / Decrease in Cash,True,USD,-195000000
0000320193,9/30/2017,CF,3500,,Income Taxes Paid (Supplemental),False,USD,11591000000
0000320193,9/30/2017,IS,1020,1100,Revenue from Contracts with Customers,False,USD,2.29234E+11
0000320193,9/30/2017,IS,1030,1100,Cost of Sales,False,USD,1.41048E+11
0000320193,9/30/2017,IS,1040,,Gross Margin,True,USD,88186000000
0000320193,9/30/2017,IS,1050,,Operating Expenses,True,USD,26842000000
0000320193,9/30/2017,IS,1060,1200,Research and Development,False,USD,11581000000
0000320193,9/30/2017,IS,1070,1200,"Selling, General and Administrative",False,USD,15261000000
0000320193,9/30/2017,IS,1080,,Operating Income,True,USD,61344000000
0000320193,9/30/2017,IS,1090,1300,"Other Income / (Expense), Net",False,USD,2745000000
0000320193,9/30/2017,IS,1093,1400,Income Before Provision for Income Taxes,True,USD,64089000000
0000320193,9/30/2017,IS,1096,1500,Provision for Income Taxes,False,USD,15738000000
0000320193,9/30/2017,IS,1510,,Interest Expense,False,USD,2323000000
0000320193,9/30/2017,SH,4100,,Weighted Average Shares Outstanding (Basic),False,shares,5217242000
0000320193,9/30/2017,SH,4200,,Weighted Average Shares Outstanding (Diluted),False,shares,5251692000
0000320193,9/29/2018,BS,2000,,Total Assets,True,USD,3.65725E+11
0000320193,9/29/2018,BS,2010,2000,Current Assets,True,USD,1.31339E+11
0000320193,9/29/2018,BS,2011,2010,Cash and Cash Equivalents,False,USD,25913000000
0000320193,9/29/2018,BS,2012,2010,Marketable Securities (Current),False,USD,40388000000
0000320193,9/29/2018,BS,2013,2010,"Accounts Receivable, Net",False,USD,23186000000
0000320193,9/29/2018,BS,2014,2010,Vendor Non-trade Receivables,False,USD,25809000000
0000320193,9/29/2018,BS,2015,2010,Inventories,False,USD,3956000000
0000320193,9/29/2018,BS,2016,2010,Other Current Assets,False,USD,12087000000
0000320193,9/29/2018,BS,2020,2000,Non-current Assets,True,USD,2.34386E+11
0000320193,9/29/2018,BS,2021,2020,Marketable Securities (Non-current),False,USD,1.70799E+11
0000320193,9/29/2018,BS,2022,2020,"Property, Plant and Equipment, Net",False,USD,41304000000
0000320193,9/29/2018,BS,2023,2020,Other Non-current Assets,False,USD,22283000000
0000320193,9/29/2018,BS,2100,,Total Liabilities,True,USD,2.58578E+11
0000320193,9/29/2018,BS,2110,2100,Current Liabilities,True,USD,1.15929E+11
0000320193,9/29/2018,BS,2111,2110,Accounts Payable,False,USD,55888000000
0000320193,9/29/2018,BS,2112,2110,Other Current Liabilities,False,USD,33327000000
0000320193,9/29/2018,BS,2113,2110,Deferred Revenue,False,USD,5966000000
0000320193,9/29/2018,BS,2114,2110,Commercial Paper,False,USD,11964000000
0000320193,9/29/2018,BS,2115,2110,Current Portion of Term Debt,False,USD,8784000000
0000320193,9/29/2018,BS,2120,2100,Non-current Liabilities,True,USD,1.42649E+11
0000320193,9/29/2018,BS,2121,2120,"Term Debt, Non-current",False,USD,93735000000
0000320193,9/29/2018,BS,2122,2120,Other Non-current Liabilities,False,USD,48914000000
0000320193,9/29/2018,BS,2200,,Shareholders’ Equity,True,USD,1.07147E+11
0000320193,9/29/2018,BS,2200,,Shareholders’ Equity,True,USD,1.07147E+11
0000320193,9/29/2018,BS,2201,2200,Common Stock and APIC,False,USD,40201000000
0000320193,9/29/2018,BS,2202,2200,Accumulated Deficit,False,USD,70400000000
0000320193,9/29/2018,BS,2203,2200,Accumulated Other Comprehensive Loss,False,USD,-3454000000
0000320193,9/29/2018,BS,2300,,Total Liabilities and Shareholders’ Equity,True,USD,3.65725E+11
0000320193,9/29/2018,CF,3000,,Cash and Cash Equivalents (Beginning Balance),False,USD,25913000000
0000320193,9/29/2018,CF,3100,,Net Income Flow,False,USD,59531000000
0000320193,9/29/2018,CF,3100,,Net Income Flow,False,USD,14125000000
0000320193,9/29/2018,CF,3110,3190,Depreciation and Amortization,False,USD,10903000000
0000320193,9/29/2018,CF,3120,3190,Share-based Compensation,False,USD,5340000000
0000320193,9/29/2018,CF,3130,3190,Other Non-cash Items,False,USD,444000000
0000320193,9/29/2018,CF,3140,3180,Change in Accounts Receivable,False,USD,5322000000
0000320193,9/29/2018,CF,3150,3180,Change in Other Receivables,False,USD,8010000000
0000320193,9/29/2018,CF,3160,3180,Change in Inventories,False,USD,-828000000
0000320193,9/29/2018,CF,3170,3180,Change in Other Operating Assets,False,USD,423000000
0000320193,9/29/2018,CF,3181,3185,Change in Accounts Payable,False,USD,9175000000
0000320193,9/29/2018,CF,3182,3185,Change in Other Operating Liabilities,False,USD,38449000000
0000320193,9/29/2018,CF,3199,,Net Cash from Operating Activities,True,USD,77434000000
0000320193,9/29/2018,CF,3210,3290,Purchases of Marketable Securities,False,USD,71356000000
0000320193,9/29/2018,CF,3220,3290,Maturities of Marketable Securities,False,USD,55881000000
0000320193,9/29/2018,CF,3230,3290,Sales of Marketable Securities,False,USD,47838000000
0000320193,9/29/2018,CF,3240,3290,Capital Expenditures,False,USD,13313000000
0000320193,9/29/2018,CF,3250,3290,Other Investing Activities,False,USD,745000000
0000320193,9/29/2018,CF,3299,,Net Cash from Investing Activities,True,USD,16066000000
0000320193,9/29/2018,CF,3310,3390,Taxes on Equity Awards,False,USD,2527000000
0000320193,9/29/2018,CF,3320,3390,Dividends Paid,False,USD,13712000000
0000320193,9/29/2018,CF,3330,3390,Share Repurchases,False,USD,72738000000
0000320193,9/29/2018,CF,3340,3390,Issuance of Long-term Debt,False,USD,6969000000
0000320193,9/29/2018,CF,3350,3390,Repayment of Long-term Debt,False,USD,6500000000
0000320193,9/29/2018,CF,3360,3390,Commercial Paper (Net),False,USD,-37000000
0000320193,9/29/2018,CF,3370,3390,Other Financing Activities,False,USD,0
0000320193,9/29/2018,CF,3399,,Net Cash from Financing Activities,True,USD,-87876000000
0000320193,9/29/2018,CF,3490,,Net Increase / Decrease in Cash,True,USD,5624000000
0000320193,9/29/2018,CF,3500,,Income Taxes Paid (Supplemental),False,USD,10417000000
0000320193,9/29/2018,IS,1020,1100,Revenue from Contracts with Customers,False,USD,2.65595E+11
0000320193,9/29/2018,IS,1020,1100,Revenue from Contracts with Customers,False,USD,62900000000
0000320193,9/29/2018,IS,1030,1100,Cost of Sales,False,USD,1.63756E+11
0000320193,9/29/2018,IS,1040,,Gross Margin,True,USD,1.01839E+11
0000320193,9/29/2018,IS,1040,,Gross Margin,True,USD,24084000000
0000320193,9/29/2018,IS,1050,,Operating Expenses,True,USD,30941000000
0000320193,9/29/2018,IS,1060,1200,Research and Development,False,USD,14236000000
0000320193,9/29/2018,IS,1070,1200,"Selling, General and Administrative",False,USD,16705000000
0000320193,9/29/2018,IS,1080,,Operating Income,True,USD,70898000000
0000320193,9/29/2018,IS,1090,1300,"Other Income / (Expense), Net",False,USD,2005000000
0000320193,9/29/2018,IS,1093,1400,Income Before Provision for Income Taxes,True,USD,72903000000
0000320193,9/29/2018,IS,1096,1500,Provision for Income Taxes,False,USD,13372000000
0000320193,9/29/2018,IS,1510,,Interest Expense,False,USD,3240000000
0000320193,9/29/2018,SH,4100,,Weighted Average Shares Outstanding (Basic),False,shares,4955377000
0000320193,9/29/2018,SH,4200,,Weighted Average Shares Outstanding (Diluted),False,shares,5000109000
0000320193,9/29/2018,SH,4300,,Common Shares Outstanding (End of Period),False,shares,4754986000
0000320193,9/29/2018,SH,4400,,Common Shares Issued,False,shares,4754986000
0000320193,9/28/2019,BS,2000,,Total Assets,True,USD,3.38516E+11
0000320193,9/28/2019,BS,2010,2000,Current Assets,True,USD,1.62819E+11
0000320193,9/28/2019,BS,2011,2010,Cash and Cash Equivalents,False,USD,48844000000
0000320193,9/28/2019,BS,2012,2010,Marketable Securities (Current),False,USD,51713000000
0000320193,9/28/2019,BS,2013,2010,"Accounts Receivable, Net",False,USD,22926000000
0000320193,9/28/2019,BS,2014,2010,Vendor Non-trade Receivables,False,USD,22878000000
0000320193,9/28/2019,BS,2015,2010,Inventories,False,USD,4106000000
0000320193,9/28/2019,BS,2016,2010,Other Current Assets,False,USD,12352000000
0000320193,9/28/2019,BS,2020,2000,Non-current Assets,True,USD,1.75697E+11
0000320193,9/28/2019,BS,2021,2020,Marketable Securities (Non-current),False,USD,1.05341E+11
0000320193,9/28/2019,BS,2022,2020,"Property, Plant and Equipment, Net",False,USD,37378000000
0000320193,9/28/2019,BS,2023,2020,Other Non-current Assets,False,USD,32978000000
0000320193,9/28/2019,BS,2100,,Total Liabilities,True,USD,2.48028E+11
0000320193,9/28/2019,BS,2110,2100,Current Liabilities,True,USD,1.05718E+11
0000320193,9/28/2019,BS,2111,2110,Accounts Payable,False,USD,46236000000
0000320193,9/28/2019,BS,2112,2110,Other Current Liabilities,False,USD,37720000000
0000320193,9/28/2019,BS,2113,2110,Deferred Revenue,False,USD,5522000000
0000320193,9/28/2019,BS,2114,2110,Commercial Paper,False,USD,5980000000
0000320193,9/28/2019,BS,2115,2110,Current Portion of Term Debt,False,USD,10260000000
0000320193,9/28/2019,BS,2120,2100,Non-current Liabilities,True,USD,1.4231E+11
0000320193,9/28/2019,BS,2121,2120,"Term Debt, Non-current",False,USD,91807000000
0000320193,9/28/2019,BS,2122,2120,Other Non-current Liabilities,False,USD,50503000000
0000320193,9/28/2019,BS,2200,,Shareholders’ Equity,True,USD,90488000000
0000320193,9/28/2019,BS,2200,,Shareholders’ Equity,True,USD,90488000000
0000320193,9/28/2019,BS,2201,2200,Common Stock and APIC,False,USD,45174000000
0000320193,9/28/2019,BS,2202,2200,Accumulated Deficit,False,USD,45898000000
0000320193,9/28/2019,BS,2203,2200,Accumulated Other Comprehensive Loss,False,USD,-584000000
0000320193,9/28/2019,BS,2300,,Total Liabilities and Shareholders’ Equity,True,USD,3.38516E+11
0000320193,9/28/2019,CF,3000,,Cash and Cash Equivalents (Beginning Balance),False,USD,50224000000
0000320193,9/28/2019,CF,3000,,Cash and Cash Equivalents (Beginning Balance),False,USD,50224000000
0000320193,9/28/2019,CF,3100,,Net Income Flow,False,USD,55256000000
0000320193,9/28/2019,CF,3100,,Net Income Flow,False,USD,13686000000
0000320193,9/28/2019,CF,3110,3190,Depreciation and Amortization,False,USD,12547000000
0000320193,9/28/2019,CF,3120,3190,Share-based Compensation,False,USD,6068000000
0000320193,9/28/2019,CF,3130,3190,Other Non-cash Items,False,USD,652000000
0000320193,9/28/2019,CF,3140,3180,Change in Accounts Receivable,False,USD,-245000000
0000320193,9/28/2019,CF,3150,3180,Change in Other Receivables,False,USD,-2931000000
0000320193,9/28/2019,CF,3160,3180,Change in Inventories,False,USD,289000000
0000320193,9/28/2019,CF,3170,3180,Change in Other Operating Assets,False,USD,-873000000
0000320193,9/28/2019,CF,3181,3185,Change in Accounts Payable,False,USD,-1923000000
0000320193,9/28/2019,CF,3182,3185,Change in Other Operating Liabilities,False,USD,-4700000000
0000320193,9/28/2019,CF,3199,,Net Cash from Operating Activities,True,USD,69391000000
0000320193,9/28/2019,CF,3210,3290,Purchases of Marketable Securities,False,USD,39630000000
0000320193,9/28/2019,CF,3220,3290,Maturities of Marketable Securities,False,USD,40102000000
0000320193,9/28/2019,CF,3230,3290,Sales of Marketable Securities,False,USD,56988000000
0000320193,9/28/2019,CF,3240,3290,Capital Expenditures,False,USD,10495000000
0000320193,9/28/2019,CF,3250,3290,Other Investing Activities,False,USD,1078000000
0000320193,9/28/2019,CF,3299,,Net Cash from Investing Activities,True,USD,45896000000
0000320193,9/28/2019,CF,3310,3390,Taxes on Equity Awards,False,USD,2817000000
0000320193,9/28/2019,CF,3320,3390,Dividends Paid,False,USD,14119000000
0000320193,9/28/2019,CF,3330,3390,Share Repurchases,False,USD,66897000000
0000320193,9/28/2019,CF,3340,3390,Issuance of Long-term Debt,False,USD,6963000000
0000320193,9/28/2019,CF,3350,3390,Repayment of Long-term Debt,False,USD,8805000000
0000320193,9/28/2019,CF,3360,3390,Commercial Paper (Net),False,USD,-5977000000
0000320193,9/28/2019,CF,3370,3390,Other Financing Activities,False,USD,-105000000
0000320193,9/28/2019,CF,3399,,Net Cash from Financing Activities,True,USD,-90976000000
0000320193,9/28/2019,CF,3490,,Net Increase / Decrease in Cash,True,USD,24311000000
0000320193,9/28/2019,CF,3500,,Income Taxes Paid (Supplemental),False,USD,15263000000
0000320193,9/28/2019,IS,1020,1100,Revenue from Contracts with Customers,False,USD,2.60174E+11
0000320193,9/28/2019,IS,1020,1100,Revenue from Contracts with Customers,False,USD,64040000000
0000320193,9/28/2019,IS,1030,1100,Cost of Sales,False,USD,1.61782E+11
0000320193,9/28/2019,IS,1040,,Gross Margin,True,USD,98392000000
0000320193,9/28/2019,IS,1040,,Gross Margin,True,USD,24313000000
0000320193,9/28/2019,IS,1050,,Operating Expenses,True,USD,34462000000
0000320193,9/28/2019,IS,1060,1200,Research and Development,False,USD,16217000000
0000320193,9/28/2019,IS,1070,1200,"Selling, General and Administrative",False,USD,18245000000
0000320193,9/28/2019,IS,1080,,Operating Income,True,USD,63930000000
0000320193,9/28/2019,IS,1090,1300,"Other Income / (Expense), Net",False,USD,1807000000
0000320193,9/28/2019,IS,1093,1400,Income Before Provision for Income Taxes,True,USD,65737000000
0000320193,9/28/2019,IS,1096,1500,Provision for Income Taxes,False,USD,10481000000
0000320193,9/28/2019,IS,1510,,Interest Expense,False,USD,3576000000
0000320193,9/28/2019,SH,4100,,Weighted Average Shares Outstanding (Basic),False,shares,4617834000
0000320193,9/28/2019,SH,4200,,Weighted Average Shares Outstanding (Diluted),False,shares,4648913000
0000320193,9/28/2019,SH,4300,,Common Shares Outstanding (End of Period),False,shares,4443236000
0000320193,9/28/2019,SH,4400,,Common Shares Issued,False,shares,4443236000
0000320193,9/26/2020,BS,2000,,Total Assets,True,USD,3.23888E+11
0000320193,9/26/2020,BS,2010,2000,Current Assets,True,USD,1.43713E+11
0000320193,9/26/2020,BS,2011,2010,Cash and Cash Equivalents,False,USD,38016000000
0000320193,9/26/2020,BS,2012,2010,Marketable Securities (Current),False,USD,52927000000
0000320193,9/26/2020,BS,2013,2010,"Accounts Receivable, Net",False,USD,16120000000
0000320193,9/26/2020,BS,2014,2010,Vendor Non-trade Receivables,False,USD,21325000000
0000320193,9/26/2020,BS,2015,2010,Inventories,False,USD,4061000000
0000320193,9/26/2020,BS,2016,2010,Other Current Assets,False,USD,11264000000
0000320193,9/26/2020,BS,2020,2000,Non-current Assets,True,USD,1.80175E+11
0000320193,9/26/2020,BS,2021,2020,Marketable Securities (Non-current),False,USD,1.00887E+11
0000320193,9/26/2020,BS,2022,2020,"Property, Plant and Equipment, Net",False,USD,36766000000
0000320193,9/26/2020,BS,2023,2020,Other Non-current Assets,False,USD,42522000000
0000320193,9/26/2020,BS,2100,,Total Liabilities,True,USD,2.58549E+11
0000320193,9/26/2020,BS,2110,2100,Current Liabilities,True,USD,1.05392E+11
0000320193,9/26/2020,BS,2111,2110,Accounts Payable,False,USD,42296000000
0000320193,9/26/2020,BS,2112,2110,Other Current Liabilities,False,USD,42684000000
0000320193,9/26/2020,BS,2113,2110,Deferred Revenue,False,USD,6643000000
0000320193,9/26/2020,BS,2114,2110,Commercial Paper,False,USD,4996000000
0000320193,9/26/2020,BS,2115,2110,Current Portion of Term Debt,False,USD,8773000000
0000320193,9/26/2020,BS,2120,2100,Non-current Liabilities,True,USD,1.53157E+11
0000320193,9/26/2020,BS,2121,2120,"Term Debt, Non-current",False,USD,98667000000
0000320193,9/26/2020,BS,2122,2120,Other Non-current Liabilities,False,USD,54490000000
0000320193,9/26/2020,BS,2200,,Shareholders’ Equity,True,USD,65339000000
0000320193,9/26/2020,BS,2200,,Shareholders’ Equity,True,USD,65339000000
0000320193,9/26/2020,BS,2201,2200,Common Stock and APIC,False,USD,50779000000
0000320193,9/26/2020,BS,2202,2200,Accumulated Deficit,False,USD,14966000000
0000320193,9/26/2020,BS,2203,2200,Accumulated Other Comprehensive Loss,False,USD,-406000000
0000320193,9/26/2020,BS,2300,,Total Liabilities and Shareholders’ Equity,True,USD,3.23888E+11
0000320193,9/26/2020,CF,3000,,Cash and Cash Equivalents (Beginning Balance),False,USD,39789000000
0000320193,9/26/2020,CF,3100,,Net Income Flow,False,USD,57411000000
0000320193,9/26/2020,CF,3110,3190,Depreciation and Amortization,False,USD,11056000000
0000320193,9/26/2020,CF,3120,3190,Share-based Compensation,False,USD,6829000000
0000320193,9/26/2020,CF,3130,3190,Other Non-cash Items,False,USD,97000000
0000320193,9/26/2020,CF,3140,3180,Change in Accounts Receivable,False,USD,-6917000000
0000320193,9/26/2020,CF,3150,3180,Change in Other Receivables,False,USD,-1553000000
0000320193,9/26/2020,CF,3160,3180,Change in Inventories,False,USD,127000000
0000320193,9/26/2020,CF,3170,3180,Change in Other Operating Assets,False,USD,9588000000
0000320193,9/26/2020,CF,3181,3185,Change in Accounts Payable,False,USD,-4062000000
0000320193,9/26/2020,CF,3182,3185,Change in Other Operating Liabilities,False,USD,8916000000
0000320193,9/26/2020,CF,3199,,Net Cash from Operating Activities,True,USD,80674000000
0000320193,9/26/2020,CF,3210,3290,Purchases of Marketable Securities,False,USD,1.14938E+11
0000320193,9/26/2020,CF,3220,3290,Maturities of Marketable Securities,False,USD,69918000000
0000320193,9/26/2020,CF,3230,3290,Sales of Marketable Securities,False,USD,50473000000
0000320193,9/26/2020,CF,3240,3290,Capital Expenditures,False,USD,7309000000
0000320193,9/26/2020,CF,3250,3290,Other Investing Activities,False,USD,909000000
0000320193,9/26/2020,CF,3299,,Net Cash from Investing Activities,True,USD,-4289000000
0000320193,9/26/2020,CF,3310,3390,Taxes on Equity Awards,False,USD,3634000000
0000320193,9/26/2020,CF,3320,3390,Dividends Paid,False,USD,14081000000
0000320193,9/26/2020,CF,3330,3390,Share Repurchases,False,USD,72358000000
0000320193,9/26/2020,CF,3340,3390,Issuance of Long-term Debt,False,USD,16091000000
0000320193,9/26/2020,CF,3350,3390,Repayment of Long-term Debt,False,USD,12629000000
0000320193,9/26/2020,CF,3360,3390,Commercial Paper (Net),False,USD,-963000000
0000320193,9/26/2020,CF,3370,3390,Other Financing Activities,False,USD,754000000
0000320193,9/26/2020,CF,3399,,Net Cash from Financing Activities,True,USD,-86820000000
0000320193,9/26/2020,CF,3490,,Net Increase / Decrease in Cash,True,USD,-10435000000
0000320193,9/26/2020,CF,3500,,Income Taxes Paid (Supplemental),False,USD,9501000000
0000320193,9/26/2020,IS,1020,1100,Revenue from Contracts with Customers,False,USD,2.74515E+11
0000320193,9/26/2020,IS,1030,1100,Cost of Sales,False,USD,1.69559E+11
0000320193,9/26/2020,IS,1040,,Gross Margin,True,USD,1.04956E+11
0000320193,9/26/2020,IS,1050,,Operating Expenses,True,USD,38668000000
0000320193,9/26/2020,IS,1060,1200,Research and Development,False,USD,18752000000
0000320193,9/26/2020,IS,1070,1200,"Selling, General and Administrative",False,USD,19916000000
0000320193,9/26/2020,IS,1080,,Operating Income,True,USD,66288000000
0000320193,9/26/2020,IS,1090,1300,"Other Income / (Expense), Net",False,USD,803000000
0000320193,9/26/2020,IS,1093,1400,Income Before Provision for Income Taxes,True,USD,67091000000
0000320193,9/26/2020,IS,1096,1500,Provision for Income Taxes,False,USD,9680000000
0000320193,9/26/2020,IS,1510,,Interest Expense,False,USD,2873000000
0000320193,9/26/2020,SH,4100,,Weighted Average Shares Outstanding (Basic),False,shares,17352119000
0000320193,9/26/2020,SH,4200,,Weighted Average Shares Outstanding (Diluted),False,shares,17528214000
0000320193,9/25/2021,BS,2000,,Total Assets,True,USD,3.51002E+11
0000320193,9/25/2021,BS,2010,2000,Current Assets,True,USD,1.34836E+11
0000320193,9/25/2021,BS,2011,2010,Cash and Cash Equivalents,False,USD,34940000000
0000320193,9/25/2021,BS,2012,2010,Marketable Securities (Current),False,USD,27699000000
0000320193,9/25/2021,BS,2013,2010,"Accounts Receivable, Net",False,USD,26278000000
0000320193,9/25/2021,BS,2014,2010,Vendor Non-trade Receivables,False,USD,25228000000
0000320193,9/25/2021,BS,2015,2010,Inventories,False,USD,6580000000
0000320193,9/25/2021,BS,2016,2010,Other Current Assets,False,USD,14111000000
0000320193,9/25/2021,BS,2020,2000,Non-current Assets,True,USD,2.16166E+11
0000320193,9/25/2021,BS,2021,2020,Marketable Securities (Non-current),False,USD,1.27877E+11
0000320193,9/25/2021,BS,2022,2020,"Property, Plant and Equipment, Net",False,USD,39440000000
0000320193,9/25/2021,BS,2023,2020,Other Non-current Assets,False,USD,48849000000
0000320193,9/25/2021,BS,2100,,Total Liabilities,True,USD,2.87912E+11
0000320193,9/25/2021,BS,2110,2100,Current Liabilities,True,USD,1.25481E+11
0000320193,9/25/2021,BS,2111,2110,Accounts Payable,False,USD,54763000000
0000320193,9/25/2021,BS,2112,2110,Other Current Liabilities,False,USD,47493000000
0000320193,9/25/2021,BS,2113,2110,Deferred Revenue,False,USD,7612000000
0000320193,9/25/2021,BS,2114,2110,Commercial Paper,False,USD,6000000000
0000320193,9/25/2021,BS,2115,2110,Current Portion of Term Debt,False,USD,9613000000
0000320193,9/25/2021,BS,2120,2100,Non-current Liabilities,True,USD,1.62431E+11
0000320193,9/25/2021,BS,2121,2120,"Term Debt, Non-current",False,USD,1.09106E+11
0000320193,9/25/2021,BS,2122,2120,Other Non-current Liabilities,False,USD,53325000000
0000320193,9/25/2021,BS,2200,,Shareholders’ Equity,True,USD,63090000000
0000320193,9/25/2021,BS,2200,,Shareholders’ Equity,True,USD,63090000000
0000320193,9/25/2021,BS,2201,2200,Common Stock and APIC,False,USD,57365000000
0000320193,9/25/2021,BS,2202,2200,Accumulated Deficit,False,USD,5562000000
0000320193,9/25/2021,BS,2203,2200,Accumulated Other Comprehensive Loss,False,USD,163000000
0000320193,9/25/2021,BS,2300,,Total Liabilities and Shareholders’ Equity,True,USD,3.51002E+11
0000320193,9/25/2021,CF,3000,,Cash and Cash Equivalents (Beginning Balance),False,USD,35929000000
0000320193,9/25/2021,CF,3100,,Net Income Flow,False,USD,94680000000
0000320193,9/25/2021,CF,3110,3190,Depreciation and Amortization,False,USD,11284000000
0000320193,9/25/2021,CF,3120,3190,Share-based Compensation,False,USD,7906000000
0000320193,9/25/2021,CF,3130,3190,Other Non-cash Items,False,USD,147000000
0000320193,9/25/2021,CF,3140,3180,Change in Accounts Receivable,False,USD,10125000000
0000320193,9/25/2021,CF,3150,3180,Change in Other Receivables,False,USD,3903000000
0000320193,9/25/2021,CF,3160,3180,Change in Inventories,False,USD,2642000000
0000320193,9/25/2021,CF,3170,3180,Change in Other Operating Assets,False,USD,8042000000
0000320193,9/25/2021,CF,3181,3185,Change in Accounts Payable,False,USD,12326000000
0000320193,9/25/2021,CF,3182,3185,Change in Other Operating Liabilities,False,USD,5799000000
0000320193,9/25/2021,CF,3199,,Net Cash from Operating Activities,True,USD,1.04038E+11
0000320193,9/25/2021,CF,3210,3290,Purchases of Marketable Securities,False,USD,1.09558E+11
0000320193,9/25/2021,CF,3220,3290,Maturities of Marketable Securities,False,USD,59023000000
0000320193,9/25/2021,CF,3230,3290,Sales of Marketable Securities,False,USD,47460000000
0000320193,9/25/2021,CF,3240,3290,Capital Expenditures,False,USD,11085000000
0000320193,9/25/2021,CF,3250,3290,Other Investing Activities,False,USD,352000000
0000320193,9/25/2021,CF,3299,,Net Cash from Investing Activities,True,USD,-14545000000
0000320193,9/25/2021,CF,3310,3390,Taxes on Equity Awards,False,USD,6556000000
0000320193,9/25/2021,CF,3320,3390,Dividends Paid,False,USD,14467000000
0000320193,9/25/2021,CF,3330,3390,Share Repurchases,False,USD,85971000000
0000320193,9/25/2021,CF,3340,3390,Issuance of Long-term Debt,False,USD,20393000000
0000320193,9/25/2021,CF,3350,3390,Repayment of Long-term Debt,False,USD,8750000000
0000320193,9/25/2021,CF,3360,3390,Commercial Paper (Net),False,USD,1022000000
0000320193,9/25/2021,CF,3370,3390,Other Financing Activities,False,USD,976000000
0000320193,9/25/2021,CF,3399,,Net Cash from Financing Activities,True,USD,-93353000000
0000320193,9/25/2021,CF,3490,,Net Increase / Decrease in Cash,True,USD,-3860000000
0000320193,9/25/2021,CF,3500,,Income Taxes Paid (Supplemental),False,USD,25385000000
0000320193,9/25/2021,IS,1020,1100,Revenue from Contracts with Customers,False,USD,3.65817E+11
0000320193,9/25/2021,IS,1030,1100,Cost of Sales,False,USD,2.12981E+11
0000320193,9/25/2021,IS,1040,,Gross Margin,True,USD,1.52836E+11
0000320193,9/25/2021,IS,1050,,Operating Expenses,True,USD,43887000000
0000320193,9/25/2021,IS,1060,1200,Research and Development,False,USD,21914000000
0000320193,9/25/2021,IS,1070,1200,"Selling, General and Administrative",False,USD,21973000000
0000320193,9/25/2021,IS,1080,,Operating Income,True,USD,1.08949E+11
0000320193,9/25/2021,IS,1090,1300,"Other Income / (Expense), Net",False,USD,258000000
0000320193,9/25/2021,IS,1093,1400,Income Before Provision for Income Taxes,True,USD,1.09207E+11
0000320193,9/25/2021,IS,1096,1500,Provision for Income Taxes,False,USD,14527000000
0000320193,9/25/2021,IS,1510,,Interest Expense,False,USD,2645000000
0000320193,9/25/2021,SH,4100,,Weighted Average Shares Outstanding (Basic),False,shares,16701272000
0000320193,9/25/2021,SH,4200,,Weighted Average Shares Outstanding (Diluted),False,shares,16864919000
0000320193,9/25/2021,SH,4300,,Common Shares Outstanding (End of Period),False,shares,16426786000
0000320193,9/25/2021,SH,4400,,Common Shares Issued,False,shares,16426786000
0000320193,9/24/2022,BS,2000,,Total Assets,True,USD,3.52755E+11
0000320193,9/24/2022,BS,2010,2000,Current Assets,True,USD,1.35405E+11
0000320193,9/24/2022,BS,2011,2010,Cash and Cash Equivalents,False,USD,23646000000
0000320193,9/24/2022,BS,2012,2010,Marketable Securities (Current),False,USD,24658000000
0000320193,9/24/2022,BS,2013,2010,"Accounts Receivable, Net",False,USD,28184000000
0000320193,9/24/2022,BS,2014,2010,Vendor Non-trade Receivables,False,USD,32748000000
0000320193,9/24/2022,BS,2015,2010,Inventories,False,USD,4946000000
0000320193,9/24/2022,BS,2016,2010,Other Current Assets,False,USD,21223000000
0000320193,9/24/2022,BS,2020,2000,Non-current Assets,True,USD,2.1735E+11
0000320193,9/24/2022,BS,2021,2020,Marketable Securities (Non-current),False,USD,1.20805E+11
0000320193,9/24/2022,BS,2022,2020,"Property, Plant and Equipment, Net",False,USD,42117000000
0000320193,9/24/2022,BS,2023,2020,Other Non-current Assets,False,USD,54428000000
0000320193,9/24/2022,BS,2100,,Total Liabilities,True,USD,3.02083E+11
0000320193,9/24/2022,BS,2110,2100,Current Liabilities,True,USD,1.53982E+11
0000320193,9/24/2022,BS,2111,2110,Accounts Payable,False,USD,64115000000
0000320193,9/24/2022,BS,2112,2110,Other Current Liabilities,False,USD,60845000000
0000320193,9/24/2022,BS,2113,2110,Deferred Revenue,False,USD,7912000000
0000320193,9/24/2022,BS,2114,2110,Commercial Paper,False,USD,9982000000
0000320193,9/24/2022,BS,2115,2110,Current Portion of Term Debt,False,USD,11128000000
0000320193,9/24/2022,BS,2120,2100,Non-current Liabilities,True,USD,1.48101E+11
0000320193,9/24/2022,BS,2121,2120,"Term Debt, Non-current",False,USD,98959000000
0000320193,9/24/2022,BS,2122,2120,Other Non-current Liabilities,False,USD,49142000000
0000320193,9/24/2022,BS,2200,,Shareholders’ Equity,True,USD,50672000000
0000320193,9/24/2022,BS,2200,,Shareholders’ Equity,True,USD,50672000000
0000320193,9/24/2022,BS,2201,2200,Common Stock and APIC,False,USD,64849000000
0000320193,9/24/2022,BS,2202,2200,Accumulated Deficit,False,USD,-3068000000
0000320193,9/24/2022,BS,2203,2200,Accumulated Other Comprehensive Loss,False,USD,-11109000000
0000320193,9/24/2022,BS,2300,,Total Liabilities and Shareholders’ Equity,True,USD,3.52755E+11
0000320193,9/24/2022,CF,3000,,Cash and Cash Equivalents (Beginning Balance),False,USD,24977000000
0000320193,9/24/2022,CF,3000,,Cash and Cash Equivalents (Beginning Balance),False,USD,24977000000
0000320193,9/24/2022,CF,3100,,Net Income Flow,False,USD,99803000000
0000320193,9/24/2022,CF,3110,3190,Depreciation and Amortization,False,USD,11104000000
0000320193,9/24/2022,CF,3120,3190,Share-based Compensation,False,USD,9038000000
0000320193,9/24/2022,CF,3130,3190,Other Non-cash Items,False,USD,-111000000
0000320193,9/24/2022,CF,3140,3180,Change in Accounts Receivable,False,USD,1823000000
0000320193,9/24/2022,CF,3150,3180,Change in Other Receivables,False,USD,7520000000
0000320193,9/24/2022,CF,3160,3180,Change in Inventories,False,USD,-1484000000
0000320193,9/24/2022,CF,3170,3180,Change in Other Operating Assets,False,USD,6499000000
0000320193,9/24/2022,CF,3181,3185,Change in Accounts Payable,False,USD,9448000000
0000320193,9/24/2022,CF,3182,3185,Change in Other Operating Liabilities,False,USD,5632000000
0000320193,9/24/2022,CF,3199,,Net Cash from Operating Activities,True,USD,1.22151E+11
0000320193,9/24/2022,CF,3210,3290,Purchases of Marketable Securities,False,USD,76923000000
0000320193,9/24/2022,CF,3220,3290,Maturities of Marketable Securities,False,USD,29917000000
0000320193,9/24/2022,CF,3230,3290,Sales of Marketable Securities,False,USD,37446000000
0000320193,9/24/2022,CF,3240,3290,Capital Expenditures,False,USD,10708000000
0000320193,9/24/2022,CF,3250,3290,Other Investing Activities,False,USD,1780000000
0000320193,9/24/2022,CF,3299,,Net Cash from Investing Activities,True,USD,-22354000000
0000320193,9/24/2022,CF,3310,3390,Taxes on Equity Awards,False,USD,6223000000
0000320193,9/24/2022,CF,3320,3390,Dividends Paid,False,USD,14841000000
0000320193,9/24/2022,CF,3330,3390,Share Repurchases,False,USD,89402000000
0000320193,9/24/2022,CF,3340,3390,Issuance of Long-term Debt,False,USD,5465000000
0000320193,9/24/2022,CF,3350,3390,Repayment of Long-term Debt,False,USD,9543000000
0000320193,9/24/2022,CF,3360,3390,Commercial Paper (Net),False,USD,3955000000
0000320193,9/24/2022,CF,3370,3390,Other Financing Activities,False,USD,-160000000
0000320193,9/24/2022,CF,3399,,Net Cash from Financing Activities,True,USD,-1.10749E+11
0000320193,9/24/2022,CF,3490,,Net Increase / Decrease in Cash,True,USD,-10952000000
0000320193,9/24/2022,CF,3500,,Income Taxes Paid (Supplemental),False,USD,19573000000
0000320193,9/24/2022,IS,1020,1100,Revenue from Contracts with Customers,False,USD,3.94328E+11
0000320193,9/24/2022,IS,1030,1100,Cost of Sales,False,USD,2.23546E+11
0000320193,9/24/2022,IS,1040,,Gross Margin,True,USD,1.70782E+11
0000320193,9/24/2022,IS,1050,,Operating Expenses,True,USD,51345000000
0000320193,9/24/2022,IS,1060,1200,Research and Development,False,USD,26251000000
0000320193,9/24/2022,IS,1070,1200,"Selling, General and Administrative",False,USD,25094000000
0000320193,9/24/2022,IS,1080,,Operating Income,True,USD,1.19437E+11
0000320193,9/24/2022,IS,1090,1300,"Other Income / (Expense), Net",False,USD,-334000000
0000320193,9/24/2022,IS,1093,1400,Income Before Provision for Income Taxes,True,USD,1.19103E+11
0000320193,9/24/2022,IS,1096,1500,Provision for Income Taxes,False,USD,19300000000
0000320193,9/24/2022,IS,1510,,Interest Expense,False,USD,2931000000
0000320193,9/24/2022,SH,4100,,Weighted Average Shares Outstanding (Basic),False,shares,16215963000
0000320193,9/24/2022,SH,4200,,Weighted Average Shares Outstanding (Diluted),False,shares,16325819000
0000320193,9/24/2022,SH,4300,,Common Shares Outstanding (End of Period),False,shares,15943425000
0000320193,9/24/2022,SH,4400,,Common Shares Issued,False,shares,15943425000
0000320193,9/30/2023,BS,2000,,Total Assets,True,USD,3.52583E+11
0000320193,9/30/2023,BS,2010,2000,Current Assets,True,USD,1.43566E+11
0000320193,9/30/2023,BS,2011,2010,Cash and Cash Equivalents,False,USD,29965000000
0000320193,9/30/2023,BS,2012,2010,Marketable Securities (Current),False,USD,31590000000
0000320193,9/30/2023,BS,2013,2010,"Accounts Receivable, Net",False,USD,29508000000
0000320193,9/30/2023,BS,2014,2010,Vendor Non-trade Receivables,False,USD,31477000000
0000320193,9/30/2023,BS,2015,2010,Inventories,False,USD,6331000000
0000320193,9/30/2023,BS,2016,2010,Other Current Assets,False,USD,14695000000
0000320193,9/30/2023,BS,2020,2000,Non-current Assets,True,USD,2.09017E+11
0000320193,9/30/2023,BS,2021,2020,Marketable Securities (Non-current),False,USD,1.00544E+11
0000320193,9/30/2023,BS,2022,2020,"Property, Plant and Equipment, Net",False,USD,43715000000
0000320193,9/30/2023,BS,2023,2020,Other Non-current Assets,False,USD,64758000000
0000320193,9/30/2023,BS,2100,,Total Liabilities,True,USD,2.90437E+11
0000320193,9/30/2023,BS,2110,2100,Current Liabilities,True,USD,1.45308E+11
0000320193,9/30/2023,BS,2111,2110,Accounts Payable,False,USD,62611000000
0000320193,9/30/2023,BS,2112,2110,Other Current Liabilities,False,USD,58829000000
0000320193,9/30/2023,BS,2113,2110,Deferred Revenue,False,USD,8061000000
0000320193,9/30/2023,BS,2114,2110,Commercial Paper,False,USD,5985000000
0000320193,9/30/2023,BS,2115,2110,Current Portion of Term Debt,False,USD,9822000000
0000320193,9/30/2023,BS,2120,2100,Non-current Liabilities,True,USD,1.45129E+11
0000320193,9/30/2023,BS,2121,2120,"Term Debt, Non-current",False,USD,95281000000
0000320193,9/30/2023,BS,2122,2120,Other Non-current Liabilities,False,USD,49848000000
0000320193,9/30/2023,BS,2200,,Shareholders’ Equity,True,USD,62146000000
0000320193,9/30/2023,BS,2200,,Shareholders’ Equity,True,USD,62146000000
0000320193,9/30/2023,BS,2201,2200,Common Stock and APIC,False,USD,73812000000
0000320193,9/30/2023,BS,2202,2200,Accumulated Deficit,False,USD,-214000000
0000320193,9/30/2023,BS,2203,2200,Accumulated Other Comprehensive Loss,False,USD,-11452000000
0000320193,9/30/2023,BS,2300,,Total Liabilities and Shareholders’ Equity,True,USD,3.52583E+11
0000320193,9/30/2023,CF,3000,,Cash and Cash Equivalents (Beginning Balance),False,USD,30737000000
0000320193,9/30/2023,CF,3100,,Net Income Flow,False,USD,96995000000
0000320193,9/30/2023,CF,3110,3190,Depreciation and Amortization,False,USD,11519000000
0000320193,9/30/2023,CF,3120,3190,Share-based Compensation,False,USD,10833000000
0000320193,9/30/2023,CF,3130,3190,Other Non-cash Items,False,USD,2227000000
0000320193,9/30/2023,CF,3140,3180,Change in Accounts Receivable,False,USD,1688000000
0000320193,9/30/2023,CF,3150,3180,Change in Other Receivables,False,USD,-1271000000
0000320193,9/30/2023,CF,3160,3180,Change in Inventories,False,USD,1618000000
0000320193,9/30/2023,CF,3170,3180,Change in Other Operating Assets,False,USD,5684000000
0000320193,9/30/2023,CF,3181,3185,Change in Accounts Payable,False,USD,-1889000000
0000320193,9/30/2023,CF,3182,3185,Change in Other Operating Liabilities,False,USD,3031000000
0000320193,9/30/2023,CF,3199,,Net Cash from Operating Activities,True,USD,1.10543E+11
0000320193,9/30/2023,CF,3210,3290,Purchases of Marketable Securities,False,USD,29513000000
0000320193,9/30/2023,CF,3220,3290,Maturities of Marketable Securities,False,USD,39686000000
0000320193,9/30/2023,CF,3230,3290,Sales of Marketable Securities,False,USD,5828000000
0000320193,9/30/2023,CF,3240,3290,Capital Expenditures,False,USD,10959000000
0000320193,9/30/2023,CF,3250,3290,Other Investing Activities,False,USD,1337000000
0000320193,9/30/2023,CF,3299,,Net Cash from Investing Activities,True,USD,3705000000
0000320193,9/30/2023,CF,3310,3390,Taxes on Equity Awards,False,USD,5431000000
0000320193,9/30/2023,CF,3320,3390,Dividends Paid,False,USD,15025000000
0000320193,9/30/2023,CF,3330,3390,Share Repurchases,False,USD,77550000000
0000320193,9/30/2023,CF,3340,3390,Issuance of Long-term Debt,False,USD,5228000000
0000320193,9/30/2023,CF,3350,3390,Repayment of Long-term Debt,False,USD,11151000000
0000320193,9/30/2023,CF,3360,3390,Commercial Paper (Net),False,USD,-3978000000
0000320193,9/30/2023,CF,3370,3390,Other Financing Activities,False,USD,-581000000
0000320193,9/30/2023,CF,3399,,Net Cash from Financing Activities,True,USD,-1.08488E+11
0000320193,9/30/2023,CF,3490,,Net Increase / Decrease in Cash,True,USD,5760000000
0000320193,9/30/2023,CF,3500,,Income Taxes Paid (Supplemental),False,USD,18679000000
0000320193,9/30/2023,IS,1020,1100,Revenue from Contracts with Customers,False,USD,3.83285E+11
0000320193,9/30/2023,IS,1030,1100,Cost of Sales,False,USD,2.14137E+11
0000320193,9/30/2023,IS,1040,,Gross Margin,True,USD,1.69148E+11
0000320193,9/30/2023,IS,1050,,Operating Expenses,True,USD,54847000000
0000320193,9/30/2023,IS,1060,1200,Research and Development,False,USD,29915000000
0000320193,9/30/2023,IS,1070,1200,"Selling, General and Administrative",False,USD,24932000000
0000320193,9/30/2023,IS,1080,,Operating Income,True,USD,1.14301E+11
0000320193,9/30/2023,IS,1090,1300,"Other Income / (Expense), Net",False,USD,-565000000
0000320193,9/30/2023,IS,1093,1400,Income Before Provision for Income Taxes,True,USD,1.13736E+11
0000320193,9/30/2023,IS,1096,1500,Provision for Income Taxes,False,USD,16741000000
0000320193,9/30/2023,SH,4100,,Weighted Average Shares Outstanding (Basic),False,shares,15744231000
0000320193,9/30/2023,SH,4200,,Weighted Average Shares Outstanding (Diluted),False,shares,15812547000
0000320193,9/28/2024,BS,2000,,Total Assets,True,USD,3.6498E+11
0000320193,9/28/2024,BS,2010,2000,Current Assets,True,USD,1.52987E+11
0000320193,9/28/2024,BS,2011,2010,Cash and Cash Equivalents,False,USD,29943000000
0000320193,9/28/2024,BS,2012,2010,Marketable Securities (Current),False,USD,35228000000
0000320193,9/28/2024,BS,2013,2010,"Accounts Receivable, Net",False,USD,33410000000
0000320193,9/28/2024,BS,2014,2010,Vendor Non-trade Receivables,False,USD,32833000000
0000320193,9/28/2024,BS,2015,2010,Inventories,False,USD,7286000000
0000320193,9/28/2024,BS,2016,2010,Other Current Assets,False,USD,14287000000
0000320193,9/28/2024,BS,2020,2000,Non-current Assets,True,USD,2.11993E+11
0000320193,9/28/2024,BS,2021,2020,Marketable Securities (Non-current),False,USD,91479000000
0000320193,9/28/2024,BS,2022,2020,"Property, Plant and Equipment, Net",False,USD,45680000000
0000320193,9/28/2024,BS,2023,2020,Other Non-current Assets,False,USD,74834000000
0000320193,9/28/2024,BS,2100,,Total Liabilities,True,USD,3.0803E+11
0000320193,9/28/2024,BS,2110,2100,Current Liabilities,True,USD,1.76392E+11
0000320193,9/28/2024,BS,2111,2110,Accounts Payable,False,USD,68960000000
0000320193,9/28/2024,BS,2112,2110,Other Current Liabilities,False,USD,78304000000
0000320193,9/28/2024,BS,2113,2110,Deferred Revenue,False,USD,8249000000
0000320193,9/28/2024,BS,2114,2110,Commercial Paper,False,USD,9967000000
0000320193,9/28/2024,BS,2115,2110,Current Portion of Term Debt,False,USD,10912000000
0000320193,9/28/2024,BS,2120,2100,Non-current Liabilities,True,USD,1.31638E+11
0000320193,9/28/2024,BS,2121,2120,"Term Debt, Non-current",False,USD,85750000000
0000320193,9/28/2024,BS,2122,2120,Other Non-current Liabilities,False,USD,45888000000
0000320193,9/28/2024,BS,2200,,Shareholders’ Equity,True,USD,56950000000
0000320193,9/28/2024,BS,2201,2200,Common Stock and APIC,False,USD,83276000000
0000320193,9/28/2024,BS,2202,2200,Accumulated Deficit,False,USD,-19154000000
0000320193,9/28/2024,BS,2203,2200,Accumulated Other Comprehensive Loss,False,USD,-7172000000
0000320193,9/28/2024,BS,2300,,Total Liabilities and Shareholders’ Equity,True,USD,3.6498E+11
0000320193,9/28/2024,CF,3000,,Cash and Cash Equivalents (Beginning Balance),False,USD,29943000000
0000320193,9/28/2024,CF,3100,,Net Income Flow,False,USD,93736000000
0000320193,9/28/2024,CF,3110,3190,Depreciation and Amortization,False,USD,11445000000
0000320193,9/28/2024,CF,3120,3190,Share-based Compensation,False,USD,11688000000
0000320193,9/28/2024,CF,3130,3190,Other Non-cash Items,False,USD,2266000000
0000320193,9/28/2024,CF,3140,3180,Change in Accounts Receivable,False,USD,3788000000
0000320193,9/28/2024,CF,3150,3180,Change in Other Receivables,False,USD,1356000000
0000320193,9/28/2024,CF,3160,3180,Change in Inventories,False,USD,1046000000
0000320193,9/28/2024,CF,3170,3180,Change in Other Operating Assets,False,USD,11731000000
0000320193,9/28/2024,CF,3181,3185,Change in Accounts Payable,False,USD,6020000000
0000320193,9/28/2024,CF,3182,3185,Change in Other Operating Liabilities,False,USD,15552000000
0000320193,9/28/2024,CF,3199,,Net Cash from Operating Activities,True,USD,1.18254E+11
0000320193,9/28/2024,CF,3210,3290,Purchases of Marketable Securities,False,USD,48656000000
0000320193,9/28/2024,CF,3220,3290,Maturities of Marketable Securities,False,USD,51211000000
0000320193,9/28/2024,CF,3230,3290,Sales of Marketable Securities,False,USD,11135000000
0000320193,9/28/2024,CF,3240,3290,Capital Expenditures,False,USD,9447000000
0000320193,9/28/2024,CF,3250,3290,Other Investing Activities,False,USD,1308000000
0000320193,9/28/2024,CF,3299,,Net Cash from Investing Activities,True,USD,2935000000
0000320193,9/28/2024,CF,3310,3390,Taxes on Equity Awards,False,USD,5441000000
0000320193,9/28/2024,CF,3320,3390,Dividends Paid,False,USD,15234000000
0000320193,9/28/2024,CF,3330,3390,Share Repurchases,False,USD,94949000000
0000320193,9/28/2024,CF,3340,3390,Issuance of Long-term Debt,False,USD,0
0000320193,9/28/2024,CF,3350,3390,Repayment of Long-term Debt,False,USD,9958000000
0000320193,9/28/2024,CF,3360,3390,Commercial Paper (Net),False,USD,3960000000
0000320193,9/28/2024,CF,3370,3390,Other Financing Activities,False,USD,-361000000
0000320193,9/28/2024,CF,3399,,Net Cash from Financing Activities,True,USD,-1.21983E+11
0000320193,9/28/2024,CF,3490,,Net Increase / Decrease in Cash,True,USD,-794000000
0000320193,9/28/2024,CF,3500,,Income Taxes Paid (Supplemental),False,USD,26102000000
0000320193,9/28/2024,IS,1020,1100,Revenue from Contracts with Customers,False,USD,3.91035E+11
0000320193,9/28/2024,IS,1030,1100,Cost of Sales,False,USD,2.10352E+11
0000320193,9/28/2024,IS,1040,,Gross Margin,True,USD,1.80683E+11
0000320193,9/28/2024,IS,1050,,Operating Expenses,True,USD,57467000000
0000320193,9/28/2024,IS,1060,1200,Research and Development,False,USD,31370000000
0000320193,9/28/2024,IS,1070,1200,"Selling, General and Administrative",False,USD,26097000000
0000320193,9/28/2024,IS,1080,,Operating Income,True,USD,1.23216E+11
0000320193,9/28/2024,IS,1090,1300,"Other Income / (Expense), Net",False,USD,269000000
0000320193,9/28/2024,IS,1093,1400,Income Before Provision for Income Taxes,True,USD,1.23485E+11
0000320193,9/28/2024,IS,1096,1500,Provision for Income Taxes,False,USD,29749000000
0000320193,9/28/2024,SH,4100,,Weighted Average Shares Outstanding (Basic),False,shares,15343783000
0000320193,9/28/2024,SH,4200,,Weighted Average Shares Outstanding (Diluted),False,shares,15408095000
0000320193,9/28/2024,SH,4300,,Common Shares Outstanding (End of Period),False,shares,15116786000
0000320193,9/28/2024,SH,4400,,Common Shares Issued,False,shares,15116786000
0000320193,9/27/2025,BS,2000,,Total Assets,True,USD,3.59241E+11
0000320193,9/27/2025,BS,2010,2000,Current Assets,True,USD,1.47957E+11
0000320193,9/27/2025,BS,2011,2010,Cash and Cash Equivalents,False,USD,35934000000
0000320193,9/27/2025,BS,2012,2010,Marketable Securities (Current),False,USD,18763000000
0000320193,9/27/2025,BS,2013,2010,"Accounts Receivable, Net",False,USD,39777000000
0000320193,9/27/2025,BS,2014,2010,Vendor Non-trade Receivables,False,USD,33180000000
0000320193,9/27/2025,BS,2015,2010,Inventories,False,USD,5718000000
0000320193,9/27/2025,BS,2016,2010,Other Current Assets,False,USD,14585000000
0000320193,9/27/2025,BS,2020,2000,Non-current Assets,True,USD,2.11284E+11
0000320193,9/27/2025,BS,2021,2020,Marketable Securities (Non-current),False,USD,77723000000
0000320193,9/27/2025,BS,2022,2020,"Property, Plant and Equipment, Net",False,USD,49834000000
0000320193,9/27/2025,BS,2023,2020,Other Non-current Assets,False,USD,83727000000
0000320193,9/27/2025,BS,2100,,Total Liabilities,True,USD,2.85508E+11
0000320193,9/27/2025,BS,2110,2100,Current Liabilities,True,USD,1.65631E+11
0000320193,9/27/2025,BS,2111,2110,Accounts Payable,False,USD,69860000000
0000320193,9/27/2025,BS,2112,2110,Other Current Liabilities,False,USD,66387000000
0000320193,9/27/2025,BS,2113,2110,Deferred Revenue,False,USD,9055000000
0000320193,9/27/2025,BS,2114,2110,Commercial Paper,False,USD,7979000000
0000320193,9/27/2025,BS,2115,2110,Current Portion of Term Debt,False,USD,12350000000
0000320193,9/27/2025,BS,2120,2100,Non-current Liabilities,True,USD,1.19877E+11
0000320193,9/27/2025,BS,2121,2120,"Term Debt, Non-current",False,USD,78328000000
0000320193,9/27/2025,BS,2122,2120,Other Non-current Liabilities,False,USD,41549000000
0000320193,9/27/2025,BS,2200,,Shareholders’ Equity,True,USD,73733000000
0000320193,9/27/2025,BS,2201,2200,Common Stock and APIC,False,USD,93568000000
0000320193,9/27/2025,BS,2202,2200,Accumulated Deficit,False,USD,-14264000000
0000320193,9/27/2025,BS,2203,2200,Accumulated Other Comprehensive Loss,False,USD,-5571000000
0000320193,9/27/2025,BS,2300,,Total Liabilities and Shareholders’ Equity,True,USD,3.59241E+11
0000320193,9/27/2025,CF,3000,,Cash and Cash Equivalents (Beginning Balance),False,USD,35934000000
0000320193,9/27/2025,CF,3100,,Net Income Flow,False,USD,1.1201E+11
0000320193,9/27/2025,CF,3110,3190,Depreciation and Amortization,False,USD,11698000000
0000320193,9/27/2025,CF,3120,3190,Share-based Compensation,False,USD,12863000000
0000320193,9/27/2025,CF,3130,3190,Other Non-cash Items,False,USD,89000000
0000320193,9/27/2025,CF,3140,3180,Change in Accounts Receivable,False,USD,6682000000
0000320193,9/27/2025,CF,3150,3180,Change in Other Receivables,False,USD,347000000
0000320193,9/27/2025,CF,3160,3180,Change in Inventories,False,USD,-1400000000
0000320193,9/27/2025,CF,3170,3180,Change in Other Operating Assets,False,USD,9197000000
0000320193,9/27/2025,CF,3181,3185,Change in Accounts Payable,False,USD,902000000
0000320193,9/27/2025,CF,3182,3185,Change in Other Operating Liabilities,False,USD,-11076000000
0000320193,9/27/2025,CF,3199,,Net Cash from Operating Activities,True,USD,1.11482E+11
0000320193,9/27/2025,CF,3210,3290,Purchases of Marketable Securities,False,USD,24407000000
0000320193,9/27/2025,CF,3220,3290,Maturities of Marketable Securities,False,USD,40907000000
0000320193,9/27/2025,CF,3230,3290,Sales of Marketable Securities,False,USD,12890000000
0000320193,9/27/2025,CF,3240,3290,Capital Expenditures,False,USD,12715000000
0000320193,9/27/2025,CF,3250,3290,Other Investing Activities,False,USD,1480000000
0000320193,9/27/2025,CF,3299,,Net Cash from Investing Activities,True,USD,15195000000
0000320193,9/27/2025,CF,3310,3390,Taxes on Equity Awards,False,USD,5960000000
0000320193,9/27/2025,CF,3320,3390,Dividends Paid,False,USD,15421000000
0000320193,9/27/2025,CF,3330,3390,Share Repurchases,False,USD,90711000000
0000320193,9/27/2025,CF,3340,3390,Issuance of Long-term Debt,False,USD,4481000000
0000320193,9/27/2025,CF,3350,3390,Repayment of Long-term Debt,False,USD,10932000000
0000320193,9/27/2025,CF,3360,3390,Commercial Paper (Net),False,USD,-2032000000
0000320193,9/27/2025,CF,3370,3390,Other Financing Activities,False,USD,-111000000
0000320193,9/27/2025,CF,3399,,Net Cash from Financing Activities,True,USD,-1.20686E+11
0000320193,9/27/2025,CF,3490,,Net Increase / Decrease in Cash,True,USD,5991000000
0000320193,9/27/2025,CF,3500,,Income Taxes Paid (Supplemental),False,USD,43369000000
0000320193,9/27/2025,IS,1020,1100,Revenue from Contracts with Customers,False,USD,4.16161E+11
0000320193,9/27/2025,IS,1030,1100,Cost of Sales,False,USD,2.2096E+11
0000320193,9/27/2025,IS,1040,,Gross Margin,True,USD,1.95201E+11
0000320193,9/27/2025,IS,1050,,Operating Expenses,True,USD,62151000000
0000320193,9/27/2025,IS,1060,1200,Research and Development,False,USD,34550000000
0000320193,9/27/2025,IS,1070,1200,"Selling, General and Administrative",False,USD,27601000000
0000320193,9/27/2025,IS,1080,,Operating Income,True,USD,1.3305E+11
0000320193,9/27/2025,IS,1090,1300,"Other Income / (Expense), Net",False,USD,-321000000
0000320193,9/27/2025,IS,1093,1400,Income Before Provision for Income Taxes,True,USD,1.32729E+11
0000320193,9/27/2025,IS,1096,1500,Provision for Income Taxes,False,USD,20719000000
0000320193,9/27/2025,SH,4100,,Weighted Average Shares Outstanding (Basic),False,shares,14948500000
0000320193,9/27/2025,SH,4200,,Weighted Average Shares Outstanding (Diluted),False,shares,15004697000
0000320193,9/27/2025,SH,4300,,Common Shares Outstanding (End of Period),False,shares,14773260000
0000320193,9/27/2025,SH,4400,,Common Shares Issued,False,shares,14773260000
0000320193,9/26/2020,IS,1099,1600,Net Income,True,USD,57411000000
0000320193,9/25/2021,IS,1099,1600,Net Income,True,USD,94680000000
0000320193,9/24/2022,IS,1099,1600,Net Income,True,USD,99803000000
0000320193,9/30/2023,IS,1099,1600,Net Income,True,USD,96995000000
0000320193,9/28/2024,IS,1099,1600,Net Income,True,USD,93736000000
0000320193,9/27/2025,IS,1099,1600,Net Income,True,USD,1.1201E+11
,,,,,,,,
